--
-- PostgreSQL database dump
--

-- Dumped from database version 16.2
-- Dumped by pg_dump version 16.2

SET statement_timeout = 0;
SET lock_timeout = 0;
SET idle_in_transaction_session_timeout = 0;
SET client_encoding = 'UTF8';
SET standard_conforming_strings = on;
SELECT pg_catalog.set_config('search_path', '', false);
SET check_function_bodies = false;
SET xmloption = content;
SET client_min_messages = warning;
SET row_security = off;

SET default_tablespace = '';

SET default_table_access_method = heap;

--
-- Name: auth_group; Type: TABLE; Schema: public; Owner: postgres
--

CREATE TABLE public.auth_group (
    id integer NOT NULL,
    name character varying(150) NOT NULL
);


ALTER TABLE public.auth_group OWNER TO postgres;

--
-- Name: auth_group_id_seq; Type: SEQUENCE; Schema: public; Owner: postgres
--

ALTER TABLE public.auth_group ALTER COLUMN id ADD GENERATED BY DEFAULT AS IDENTITY (
    SEQUENCE NAME public.auth_group_id_seq
    START WITH 1
    INCREMENT BY 1
    NO MINVALUE
    NO MAXVALUE
    CACHE 1
);


--
-- Name: auth_group_permissions; Type: TABLE; Schema: public; Owner: postgres
--

CREATE TABLE public.auth_group_permissions (
    id bigint NOT NULL,
    group_id integer NOT NULL,
    permission_id integer NOT NULL
);


ALTER TABLE public.auth_group_permissions OWNER TO postgres;

--
-- Name: auth_group_permissions_id_seq; Type: SEQUENCE; Schema: public; Owner: postgres
--

ALTER TABLE public.auth_group_permissions ALTER COLUMN id ADD GENERATED BY DEFAULT AS IDENTITY (
    SEQUENCE NAME public.auth_group_permissions_id_seq
    START WITH 1
    INCREMENT BY 1
    NO MINVALUE
    NO MAXVALUE
    CACHE 1
);


--
-- Name: auth_permission; Type: TABLE; Schema: public; Owner: postgres
--

CREATE TABLE public.auth_permission (
    id integer NOT NULL,
    name character varying(255) NOT NULL,
    content_type_id integer NOT NULL,
    codename character varying(100) NOT NULL
);


ALTER TABLE public.auth_permission OWNER TO postgres;

--
-- Name: auth_permission_id_seq; Type: SEQUENCE; Schema: public; Owner: postgres
--

ALTER TABLE public.auth_permission ALTER COLUMN id ADD GENERATED BY DEFAULT AS IDENTITY (
    SEQUENCE NAME public.auth_permission_id_seq
    START WITH 1
    INCREMENT BY 1
    NO MINVALUE
    NO MAXVALUE
    CACHE 1
);


--
-- Name: django_admin_log; Type: TABLE; Schema: public; Owner: postgres
--

CREATE TABLE public.django_admin_log (
    id integer NOT NULL,
    action_time timestamp with time zone NOT NULL,
    object_id text,
    object_repr character varying(200) NOT NULL,
    action_flag smallint NOT NULL,
    change_message text NOT NULL,
    content_type_id integer,
    user_id bigint NOT NULL,
    CONSTRAINT django_admin_log_action_flag_check CHECK ((action_flag >= 0))
);


ALTER TABLE public.django_admin_log OWNER TO postgres;

--
-- Name: django_admin_log_id_seq; Type: SEQUENCE; Schema: public; Owner: postgres
--

ALTER TABLE public.django_admin_log ALTER COLUMN id ADD GENERATED BY DEFAULT AS IDENTITY (
    SEQUENCE NAME public.django_admin_log_id_seq
    START WITH 1
    INCREMENT BY 1
    NO MINVALUE
    NO MAXVALUE
    CACHE 1
);


--
-- Name: django_content_type; Type: TABLE; Schema: public; Owner: postgres
--

CREATE TABLE public.django_content_type (
    id integer NOT NULL,
    app_label character varying(100) NOT NULL,
    model character varying(100) NOT NULL
);


ALTER TABLE public.django_content_type OWNER TO postgres;

--
-- Name: django_content_type_id_seq; Type: SEQUENCE; Schema: public; Owner: postgres
--

ALTER TABLE public.django_content_type ALTER COLUMN id ADD GENERATED BY DEFAULT AS IDENTITY (
    SEQUENCE NAME public.django_content_type_id_seq
    START WITH 1
    INCREMENT BY 1
    NO MINVALUE
    NO MAXVALUE
    CACHE 1
);


--
-- Name: django_migrations; Type: TABLE; Schema: public; Owner: postgres
--

CREATE TABLE public.django_migrations (
    id bigint NOT NULL,
    app character varying(255) NOT NULL,
    name character varying(255) NOT NULL,
    applied timestamp with time zone NOT NULL
);


ALTER TABLE public.django_migrations OWNER TO postgres;

--
-- Name: django_migrations_id_seq; Type: SEQUENCE; Schema: public; Owner: postgres
--

ALTER TABLE public.django_migrations ALTER COLUMN id ADD GENERATED BY DEFAULT AS IDENTITY (
    SEQUENCE NAME public.django_migrations_id_seq
    START WITH 1
    INCREMENT BY 1
    NO MINVALUE
    NO MAXVALUE
    CACHE 1
);


--
-- Name: django_session; Type: TABLE; Schema: public; Owner: postgres
--

CREATE TABLE public.django_session (
    session_key character varying(40) NOT NULL,
    session_data text NOT NULL,
    expire_date timestamp with time zone NOT NULL
);


ALTER TABLE public.django_session OWNER TO postgres;

--
-- Name: services_category; Type: TABLE; Schema: public; Owner: postgres
--

CREATE TABLE public.services_category (
    id bigint NOT NULL,
    name character varying(20) NOT NULL,
    slug character varying(20) NOT NULL
);


ALTER TABLE public.services_category OWNER TO postgres;

--
-- Name: services_category_id_seq; Type: SEQUENCE; Schema: public; Owner: postgres
--

ALTER TABLE public.services_category ALTER COLUMN id ADD GENERATED BY DEFAULT AS IDENTITY (
    SEQUENCE NAME public.services_category_id_seq
    START WITH 1
    INCREMENT BY 1
    NO MINVALUE
    NO MAXVALUE
    CACHE 1
);


--
-- Name: services_order; Type: TABLE; Schema: public; Owner: postgres
--

CREATE TABLE public.services_order (
    id bigint NOT NULL,
    name character varying(50) NOT NULL,
    description text NOT NULL,
    price numeric(8,2) NOT NULL,
    status character varying(11) NOT NULL,
    customer_id bigint,
    executor_id bigint,
    service_id bigint
);


ALTER TABLE public.services_order OWNER TO postgres;

--
-- Name: services_order_id_seq; Type: SEQUENCE; Schema: public; Owner: postgres
--

ALTER TABLE public.services_order ALTER COLUMN id ADD GENERATED BY DEFAULT AS IDENTITY (
    SEQUENCE NAME public.services_order_id_seq
    START WITH 1
    INCREMENT BY 1
    NO MINVALUE
    NO MAXVALUE
    CACHE 1
);


--
-- Name: services_service; Type: TABLE; Schema: public; Owner: postgres
--

CREATE TABLE public.services_service (
    id bigint NOT NULL,
    name character varying(50) NOT NULL,
    image character varying(100) NOT NULL,
    description text NOT NULL,
    price numeric(8,2) NOT NULL,
    category_id bigint,
    executor_id bigint
);


ALTER TABLE public.services_service OWNER TO postgres;

--
-- Name: services_service_id_seq; Type: SEQUENCE; Schema: public; Owner: postgres
--

ALTER TABLE public.services_service ALTER COLUMN id ADD GENERATED BY DEFAULT AS IDENTITY (
    SEQUENCE NAME public.services_service_id_seq
    START WITH 1
    INCREMENT BY 1
    NO MINVALUE
    NO MAXVALUE
    CACHE 1
);


--
-- Name: thumbnail_kvstore; Type: TABLE; Schema: public; Owner: postgres
--

CREATE TABLE public.thumbnail_kvstore (
    key character varying(200) NOT NULL,
    value text NOT NULL
);


ALTER TABLE public.thumbnail_kvstore OWNER TO postgres;

--
-- Name: users_user; Type: TABLE; Schema: public; Owner: postgres
--

CREATE TABLE public.users_user (
    id bigint NOT NULL,
    password character varying(128) NOT NULL,
    last_login timestamp with time zone,
    is_superuser boolean NOT NULL,
    username character varying(150) NOT NULL,
    first_name character varying(150) NOT NULL,
    last_name character varying(150) NOT NULL,
    is_staff boolean NOT NULL,
    is_active boolean NOT NULL,
    date_joined timestamp with time zone NOT NULL,
    role character varying(8) NOT NULL,
    email character varying(254) NOT NULL,
    phone_number character varying(128) NOT NULL,
    experience text NOT NULL
);


ALTER TABLE public.users_user OWNER TO postgres;

--
-- Name: users_user_groups; Type: TABLE; Schema: public; Owner: postgres
--

CREATE TABLE public.users_user_groups (
    id bigint NOT NULL,
    user_id bigint NOT NULL,
    group_id integer NOT NULL
);


ALTER TABLE public.users_user_groups OWNER TO postgres;

--
-- Name: users_user_groups_id_seq; Type: SEQUENCE; Schema: public; Owner: postgres
--

ALTER TABLE public.users_user_groups ALTER COLUMN id ADD GENERATED BY DEFAULT AS IDENTITY (
    SEQUENCE NAME public.users_user_groups_id_seq
    START WITH 1
    INCREMENT BY 1
    NO MINVALUE
    NO MAXVALUE
    CACHE 1
);


--
-- Name: users_user_id_seq; Type: SEQUENCE; Schema: public; Owner: postgres
--

ALTER TABLE public.users_user ALTER COLUMN id ADD GENERATED BY DEFAULT AS IDENTITY (
    SEQUENCE NAME public.users_user_id_seq
    START WITH 1
    INCREMENT BY 1
    NO MINVALUE
    NO MAXVALUE
    CACHE 1
);


--
-- Name: users_user_user_permissions; Type: TABLE; Schema: public; Owner: postgres
--

CREATE TABLE public.users_user_user_permissions (
    id bigint NOT NULL,
    user_id bigint NOT NULL,
    permission_id integer NOT NULL
);


ALTER TABLE public.users_user_user_permissions OWNER TO postgres;

--
-- Name: users_user_user_permissions_id_seq; Type: SEQUENCE; Schema: public; Owner: postgres
--

ALTER TABLE public.users_user_user_permissions ALTER COLUMN id ADD GENERATED BY DEFAULT AS IDENTITY (
    SEQUENCE NAME public.users_user_user_permissions_id_seq
    START WITH 1
    INCREMENT BY 1
    NO MINVALUE
    NO MAXVALUE
    CACHE 1
);


--
-- Data for Name: auth_group; Type: TABLE DATA; Schema: public; Owner: postgres
--

COPY public.auth_group (id, name) FROM stdin;
\.


--
-- Data for Name: auth_group_permissions; Type: TABLE DATA; Schema: public; Owner: postgres
--

COPY public.auth_group_permissions (id, group_id, permission_id) FROM stdin;
\.


--
-- Data for Name: auth_permission; Type: TABLE DATA; Schema: public; Owner: postgres
--

COPY public.auth_permission (id, name, content_type_id, codename) FROM stdin;
1	Can add log entry	1	add_logentry
2	Can change log entry	1	change_logentry
3	Can delete log entry	1	delete_logentry
4	Can view log entry	1	view_logentry
5	Can add permission	2	add_permission
6	Can change permission	2	change_permission
7	Can delete permission	2	delete_permission
8	Can view permission	2	view_permission
9	Can add group	3	add_group
10	Can change group	3	change_group
11	Can delete group	3	delete_group
12	Can view group	3	view_group
13	Can add content type	4	add_contenttype
14	Can change content type	4	change_contenttype
15	Can delete content type	4	delete_contenttype
16	Can view content type	4	view_contenttype
17	Can add session	5	add_session
18	Can change session	5	change_session
19	Can delete session	5	delete_session
20	Can view session	5	view_session
21	Can add kv store	6	add_kvstore
22	Can change kv store	6	change_kvstore
23	Can delete kv store	6	delete_kvstore
24	Can view kv store	6	view_kvstore
25	Can add user	7	add_user
26	Can change user	7	change_user
27	Can delete user	7	delete_user
28	Can view user	7	view_user
29	Can add category	8	add_category
30	Can change category	8	change_category
31	Can delete category	8	delete_category
32	Can view category	8	view_category
33	Can add order	9	add_order
34	Can change order	9	change_order
35	Can delete order	9	delete_order
36	Can view order	9	view_order
37	Can add service	10	add_service
38	Can change service	10	change_service
39	Can delete service	10	delete_service
40	Can view service	10	view_service
\.


--
-- Data for Name: django_admin_log; Type: TABLE DATA; Schema: public; Owner: postgres
--

COPY public.django_admin_log (id, action_time, object_id, object_repr, action_flag, change_message, content_type_id, user_id) FROM stdin;
1	2024-05-02 10:07:05.499437+00	1	Дизайн	1	[{"added": {}}]	8	1
2	2024-05-02 10:07:28.744064+00	2	Разработка и IT	1	[{"added": {}}]	8	1
3	2024-05-02 10:08:02.326112+00	3	Тексты и переводы	1	[{"added": {}}]	8	1
4	2024-05-02 10:08:42.640566+00	4	Соцсети и реклама	1	[{"added": {}}]	8	1
5	2024-05-02 13:54:44.457273+00	1	Разработка логотипа	2	[{"changed": {"fields": ["\\u0418\\u0437\\u043e\\u0431\\u0440\\u0430\\u0436\\u0435\\u043d\\u0438\\u0435"]}}]	10	1
6	2024-05-02 13:54:47.979931+00	4	Перевод с русского на китайский	2	[{"changed": {"fields": ["\\u0418\\u0437\\u043e\\u0431\\u0440\\u0430\\u0436\\u0435\\u043d\\u0438\\u0435"]}}]	10	1
7	2024-05-02 13:54:52.343124+00	3	Оформление презентации	2	[{"changed": {"fields": ["\\u0418\\u0437\\u043e\\u0431\\u0440\\u0430\\u0436\\u0435\\u043d\\u0438\\u0435"]}}]	10	1
8	2024-05-02 13:54:56.642672+00	2	Разработка дизайна визитки	2	[{"changed": {"fields": ["\\u0418\\u0437\\u043e\\u0431\\u0440\\u0430\\u0436\\u0435\\u043d\\u0438\\u0435"]}}]	10	1
9	2024-05-02 13:55:05.912102+00	5	Перевод с китайского на русский	2	[{"changed": {"fields": ["\\u0418\\u0437\\u043e\\u0431\\u0440\\u0430\\u0436\\u0435\\u043d\\u0438\\u0435"]}}]	10	1
\.


--
-- Data for Name: django_content_type; Type: TABLE DATA; Schema: public; Owner: postgres
--

COPY public.django_content_type (id, app_label, model) FROM stdin;
1	admin	logentry
2	auth	permission
3	auth	group
4	contenttypes	contenttype
5	sessions	session
6	thumbnail	kvstore
7	users	user
8	services	category
9	services	order
10	services	service
\.


--
-- Data for Name: django_migrations; Type: TABLE DATA; Schema: public; Owner: postgres
--

COPY public.django_migrations (id, app, name, applied) FROM stdin;
1	contenttypes	0001_initial	2024-05-02 10:01:24.680637+00
2	contenttypes	0002_remove_content_type_name	2024-05-02 10:01:24.692884+00
3	auth	0001_initial	2024-05-02 10:01:24.76893+00
4	auth	0002_alter_permission_name_max_length	2024-05-02 10:01:24.777492+00
5	auth	0003_alter_user_email_max_length	2024-05-02 10:01:24.787328+00
6	auth	0004_alter_user_username_opts	2024-05-02 10:01:24.798649+00
7	auth	0005_alter_user_last_login_null	2024-05-02 10:01:24.81127+00
8	auth	0006_require_contenttypes_0002	2024-05-02 10:01:24.817545+00
9	auth	0007_alter_validators_add_error_messages	2024-05-02 10:01:24.830083+00
10	auth	0008_alter_user_username_max_length	2024-05-02 10:01:24.840963+00
11	auth	0009_alter_user_last_name_max_length	2024-05-02 10:01:24.85408+00
12	auth	0010_alter_group_name_max_length	2024-05-02 10:01:24.87587+00
13	auth	0011_update_proxy_permissions	2024-05-02 10:01:24.888375+00
14	auth	0012_alter_user_first_name_max_length	2024-05-02 10:01:24.898604+00
15	users	0001_initial	2024-05-02 10:01:24.99373+00
16	admin	0001_initial	2024-05-02 10:01:25.031339+00
17	admin	0002_logentry_remove_auto_add	2024-05-02 10:01:25.046189+00
18	admin	0003_logentry_add_action_flag_choices	2024-05-02 10:01:25.061299+00
19	services	0001_initial	2024-05-02 10:01:25.124467+00
20	services	0002_initial	2024-05-02 10:01:25.19589+00
21	sessions	0001_initial	2024-05-02 10:01:25.222907+00
22	thumbnail	0001_initial	2024-05-02 10:01:25.24576+00
\.


--
-- Data for Name: django_session; Type: TABLE DATA; Schema: public; Owner: postgres
--

COPY public.django_session (session_key, session_data, expire_date) FROM stdin;
lsglsw662bpf2ypwilgzxg1rykkiffxq	.eJxVjDEOgzAMAP-SuYpCCDbp2J03RHZsCm0FEoGp6t-rSAztene6t0l07FM6im5pFnM13lx-GVN-6lKFPGi5rzavy77NbGtiT1vssIq-bmf7N5ioTHUbkXtU6XoYgdADB08ZETOPPbSNUHReFMi1DoJ47CDGwK26wIiuMZ8v13I3IQ:1s2UKp:rrXOeCeB8D90o43Kq5zruMpY3bJxfq97_rODBdUlO0c	2024-05-16 11:10:43.694408+00
3ln8fyircop5n4p8gaa6d44uuuuipcc9	.eJxVjMsOgjAUBf-la9OU9hbEpXu-obmvWtRAQmFl_HclYaHbMzPnZRJua0lb1SWNYi6mMaffjZAfOu1A7jjdZsvztC4j2V2xB612mEWf18P9OyhYy7dGjwKQc-ii8yLM0gOKI3UMJLEl30IOrmNCpdDAGZH7HjU45ZgDmPcHFZY5Mg:1s2WXp:enywss1TAVyMJCY3uNdPPykimuHsuasXPhKnZwj_cbU	2024-05-16 13:32:17.006602+00
\.


--
-- Data for Name: services_category; Type: TABLE DATA; Schema: public; Owner: postgres
--

COPY public.services_category (id, name, slug) FROM stdin;
1	Дизайн	design
2	Разработка и IT	programming
3	Тексты и переводы	writing-translations
4	Соцсети и реклама	promotion
\.


--
-- Data for Name: services_order; Type: TABLE DATA; Schema: public; Owner: postgres
--

COPY public.services_order (id, name, description, price, status, customer_id, executor_id, service_id) FROM stdin;
2	Оформление презентации	Оформлю презентацию	100.00	TODO	2	1	3
1	Разработка дизайна визитки	Разработаю дизайн визитки.	300.00	IN_PROGRESS	2	1	2
3	Перевод с русского на китайский	Переведу текст до 1000 знаков с русского на китайский.	300.00	IN_REVIEW	1	2	4
\.


--
-- Data for Name: services_service; Type: TABLE DATA; Schema: public; Owner: postgres
--

COPY public.services_service (id, name, image, description, price, category_id, executor_id) FROM stdin;
1	Разработка логотипа		Разработаю красивый логотип	500.00	1	1
4	Перевод с русского на китайский		Переведу текст до 1000 знаков с русского на китайский.	300.00	3	2
3	Оформление презентации		Оформлю презентацию	100.00	1	1
2	Разработка дизайна визитки		Разработаю дизайн визитки.	300.00	1	1
5	Перевод с китайского на русский		Переведу текст до 1000 знаков с китайского на русский.	300.00	3	2
\.


--
-- Data for Name: thumbnail_kvstore; Type: TABLE DATA; Schema: public; Owner: postgres
--

COPY public.thumbnail_kvstore (key, value) FROM stdin;
sorl-thumbnail||image||44a4db31156f3c7565ec52edb54aa81f	{"name": "services/GSIzIu0c-0F_tl0_XV0EP3K.jpg", "storage": "django.core.files.storage.filesystem.FileSystemStorage", "size": [400, 300]}
sorl-thumbnail||image||c7bc6e345fe7058bdfd1c68cab930071	{"name": "cache/5e/a2/5ea29db93ae69af8c91e16bf34d6a41c.jpg", "storage": "django.core.files.storage.filesystem.FileSystemStorage", "size": [300, 200]}
sorl-thumbnail||thumbnails||44a4db31156f3c7565ec52edb54aa81f	["c7bc6e345fe7058bdfd1c68cab930071"]
sorl-thumbnail||image||e4da4e4507de8aea44a7ce0531d72e93	{"name": "services/396366-1535043273_uKAekVY.jpg", "storage": "django.core.files.storage.filesystem.FileSystemStorage", "size": [660, 440]}
sorl-thumbnail||image||b8f280332c3abf4baec4c57c87a0c83b	{"name": "cache/df/c1/dfc1f42ab3c7f614ae90f1096c46265d.jpg", "storage": "django.core.files.storage.filesystem.FileSystemStorage", "size": [300, 200]}
sorl-thumbnail||thumbnails||e4da4e4507de8aea44a7ce0531d72e93	["b8f280332c3abf4baec4c57c87a0c83b"]
sorl-thumbnail||image||525ec24278e9dc40e3901e016d5b4e9d	{"name": "services/172960_bonni_last.jpg", "storage": "django.core.files.storage.filesystem.FileSystemStorage", "size": [800, 513]}
sorl-thumbnail||image||f124fd6ebfeb293c68cd1425c2004d5f	{"name": "cache/c2/a3/c2a3a53af030052f8f9f4782add51a9a.jpg", "storage": "django.core.files.storage.filesystem.FileSystemStorage", "size": [300, 200]}
sorl-thumbnail||thumbnails||525ec24278e9dc40e3901e016d5b4e9d	["f124fd6ebfeb293c68cd1425c2004d5f"]
sorl-thumbnail||image||8a9b7d9b32df34f58eff6c765c6807a5	{"name": "services/perevod-dokumentov.jpg", "storage": "django.core.files.storage.filesystem.FileSystemStorage", "size": [870, 573]}
sorl-thumbnail||image||79a4b9e8ef1b5c389517e4ea28eca930	{"name": "cache/cb/93/cb9345ccff9be4f6b87e3027e3a0b056.jpg", "storage": "django.core.files.storage.filesystem.FileSystemStorage", "size": [300, 200]}
sorl-thumbnail||thumbnails||8a9b7d9b32df34f58eff6c765c6807a5	["79a4b9e8ef1b5c389517e4ea28eca930"]
sorl-thumbnail||image||414eca2d79881f52b651197b1fe155d8	{"name": "services/images.jpg", "storage": "django.core.files.storage.filesystem.FileSystemStorage", "size": [275, 183]}
sorl-thumbnail||image||6ffd7dbd58e978a99f0ceb9d3ae82d0f	{"name": "cache/e2/88/e288598b242c426a9b94dcdc5dc9e2dd.jpg", "storage": "django.core.files.storage.filesystem.FileSystemStorage", "size": [300, 200]}
sorl-thumbnail||thumbnails||414eca2d79881f52b651197b1fe155d8	["6ffd7dbd58e978a99f0ceb9d3ae82d0f"]
\.


--
-- Data for Name: users_user; Type: TABLE DATA; Schema: public; Owner: postgres
--

COPY public.users_user (id, password, last_login, is_superuser, username, first_name, last_name, is_staff, is_active, date_joined, role, email, phone_number, experience) FROM stdin;
2	pbkdf2_sha256$600000$y4VAMAmO67HTEJzUPNI0RO$cePm8MmhTTOsAQNsrjKChMqSh8VUkNP7RxBpRWls0F0=	2024-05-02 11:10:43.691014+00	f	tima	Тимофей		f	t	2024-05-02 10:22:36.911213+00	customer	fake2@mail.ru	+79121231234	Описание опыта.
1	pbkdf2_sha256$600000$wcdH8MBasxQr35ukeoP7Bh$DRH80l36s+3skkXtwwGzRcmrahMmOg5dYGUXp/JssUA=	2024-05-02 13:32:17.002154+00	t	admin	Иван		t	t	2024-05-02 10:02:00.118959+00	executor	fake1@mail.ru	+12125552368	Описание опыта.
\.


--
-- Data for Name: users_user_groups; Type: TABLE DATA; Schema: public; Owner: postgres
--

COPY public.users_user_groups (id, user_id, group_id) FROM stdin;
\.


--
-- Data for Name: users_user_user_permissions; Type: TABLE DATA; Schema: public; Owner: postgres
--

COPY public.users_user_user_permissions (id, user_id, permission_id) FROM stdin;
\.


--
-- Name: auth_group_id_seq; Type: SEQUENCE SET; Schema: public; Owner: postgres
--

SELECT pg_catalog.setval('public.auth_group_id_seq', 1, false);


--
-- Name: auth_group_permissions_id_seq; Type: SEQUENCE SET; Schema: public; Owner: postgres
--

SELECT pg_catalog.setval('public.auth_group_permissions_id_seq', 1, false);


--
-- Name: auth_permission_id_seq; Type: SEQUENCE SET; Schema: public; Owner: postgres
--

SELECT pg_catalog.setval('public.auth_permission_id_seq', 40, true);


--
-- Name: django_admin_log_id_seq; Type: SEQUENCE SET; Schema: public; Owner: postgres
--

SELECT pg_catalog.setval('public.django_admin_log_id_seq', 9, true);


--
-- Name: django_content_type_id_seq; Type: SEQUENCE SET; Schema: public; Owner: postgres
--

SELECT pg_catalog.setval('public.django_content_type_id_seq', 10, true);


--
-- Name: django_migrations_id_seq; Type: SEQUENCE SET; Schema: public; Owner: postgres
--

SELECT pg_catalog.setval('public.django_migrations_id_seq', 22, true);


--
-- Name: services_category_id_seq; Type: SEQUENCE SET; Schema: public; Owner: postgres
--

SELECT pg_catalog.setval('public.services_category_id_seq', 4, true);


--
-- Name: services_order_id_seq; Type: SEQUENCE SET; Schema: public; Owner: postgres
--

SELECT pg_catalog.setval('public.services_order_id_seq', 3, true);


--
-- Name: services_service_id_seq; Type: SEQUENCE SET; Schema: public; Owner: postgres
--

SELECT pg_catalog.setval('public.services_service_id_seq', 5, true);


--
-- Name: users_user_groups_id_seq; Type: SEQUENCE SET; Schema: public; Owner: postgres
--

SELECT pg_catalog.setval('public.users_user_groups_id_seq', 1, false);


--
-- Name: users_user_id_seq; Type: SEQUENCE SET; Schema: public; Owner: postgres
--

SELECT pg_catalog.setval('public.users_user_id_seq', 2, true);


--
-- Name: users_user_user_permissions_id_seq; Type: SEQUENCE SET; Schema: public; Owner: postgres
--

SELECT pg_catalog.setval('public.users_user_user_permissions_id_seq', 1, false);


--
-- Name: auth_group auth_group_name_key; Type: CONSTRAINT; Schema: public; Owner: postgres
--

ALTER TABLE ONLY public.auth_group
    ADD CONSTRAINT auth_group_name_key UNIQUE (name);


--
-- Name: auth_group_permissions auth_group_permissions_group_id_permission_id_0cd325b0_uniq; Type: CONSTRAINT; Schema: public; Owner: postgres
--

ALTER TABLE ONLY public.auth_group_permissions
    ADD CONSTRAINT auth_group_permissions_group_id_permission_id_0cd325b0_uniq UNIQUE (group_id, permission_id);


--
-- Name: auth_group_permissions auth_group_permissions_pkey; Type: CONSTRAINT; Schema: public; Owner: postgres
--

ALTER TABLE ONLY public.auth_group_permissions
    ADD CONSTRAINT auth_group_permissions_pkey PRIMARY KEY (id);


--
-- Name: auth_group auth_group_pkey; Type: CONSTRAINT; Schema: public; Owner: postgres
--

ALTER TABLE ONLY public.auth_group
    ADD CONSTRAINT auth_group_pkey PRIMARY KEY (id);


--
-- Name: auth_permission auth_permission_content_type_id_codename_01ab375a_uniq; Type: CONSTRAINT; Schema: public; Owner: postgres
--

ALTER TABLE ONLY public.auth_permission
    ADD CONSTRAINT auth_permission_content_type_id_codename_01ab375a_uniq UNIQUE (content_type_id, codename);


--
-- Name: auth_permission auth_permission_pkey; Type: CONSTRAINT; Schema: public; Owner: postgres
--

ALTER TABLE ONLY public.auth_permission
    ADD CONSTRAINT auth_permission_pkey PRIMARY KEY (id);


--
-- Name: django_admin_log django_admin_log_pkey; Type: CONSTRAINT; Schema: public; Owner: postgres
--

ALTER TABLE ONLY public.django_admin_log
    ADD CONSTRAINT django_admin_log_pkey PRIMARY KEY (id);


--
-- Name: django_content_type django_content_type_app_label_model_76bd3d3b_uniq; Type: CONSTRAINT; Schema: public; Owner: postgres
--

ALTER TABLE ONLY public.django_content_type
    ADD CONSTRAINT django_content_type_app_label_model_76bd3d3b_uniq UNIQUE (app_label, model);


--
-- Name: django_content_type django_content_type_pkey; Type: CONSTRAINT; Schema: public; Owner: postgres
--

ALTER TABLE ONLY public.django_content_type
    ADD CONSTRAINT django_content_type_pkey PRIMARY KEY (id);


--
-- Name: django_migrations django_migrations_pkey; Type: CONSTRAINT; Schema: public; Owner: postgres
--

ALTER TABLE ONLY public.django_migrations
    ADD CONSTRAINT django_migrations_pkey PRIMARY KEY (id);


--
-- Name: django_session django_session_pkey; Type: CONSTRAINT; Schema: public; Owner: postgres
--

ALTER TABLE ONLY public.django_session
    ADD CONSTRAINT django_session_pkey PRIMARY KEY (session_key);


--
-- Name: services_category services_category_name_key; Type: CONSTRAINT; Schema: public; Owner: postgres
--

ALTER TABLE ONLY public.services_category
    ADD CONSTRAINT services_category_name_key UNIQUE (name);


--
-- Name: services_category services_category_pkey; Type: CONSTRAINT; Schema: public; Owner: postgres
--

ALTER TABLE ONLY public.services_category
    ADD CONSTRAINT services_category_pkey PRIMARY KEY (id);


--
-- Name: services_category services_category_slug_key; Type: CONSTRAINT; Schema: public; Owner: postgres
--

ALTER TABLE ONLY public.services_category
    ADD CONSTRAINT services_category_slug_key UNIQUE (slug);


--
-- Name: services_order services_order_pkey; Type: CONSTRAINT; Schema: public; Owner: postgres
--

ALTER TABLE ONLY public.services_order
    ADD CONSTRAINT services_order_pkey PRIMARY KEY (id);


--
-- Name: services_service services_service_pkey; Type: CONSTRAINT; Schema: public; Owner: postgres
--

ALTER TABLE ONLY public.services_service
    ADD CONSTRAINT services_service_pkey PRIMARY KEY (id);


--
-- Name: thumbnail_kvstore thumbnail_kvstore_pkey; Type: CONSTRAINT; Schema: public; Owner: postgres
--

ALTER TABLE ONLY public.thumbnail_kvstore
    ADD CONSTRAINT thumbnail_kvstore_pkey PRIMARY KEY (key);


--
-- Name: users_user users_user_email_key; Type: CONSTRAINT; Schema: public; Owner: postgres
--

ALTER TABLE ONLY public.users_user
    ADD CONSTRAINT users_user_email_key UNIQUE (email);


--
-- Name: users_user_groups users_user_groups_pkey; Type: CONSTRAINT; Schema: public; Owner: postgres
--

ALTER TABLE ONLY public.users_user_groups
    ADD CONSTRAINT users_user_groups_pkey PRIMARY KEY (id);


--
-- Name: users_user_groups users_user_groups_user_id_group_id_b88eab82_uniq; Type: CONSTRAINT; Schema: public; Owner: postgres
--

ALTER TABLE ONLY public.users_user_groups
    ADD CONSTRAINT users_user_groups_user_id_group_id_b88eab82_uniq UNIQUE (user_id, group_id);


--
-- Name: users_user users_user_pkey; Type: CONSTRAINT; Schema: public; Owner: postgres
--

ALTER TABLE ONLY public.users_user
    ADD CONSTRAINT users_user_pkey PRIMARY KEY (id);


--
-- Name: users_user_user_permissions users_user_user_permissions_pkey; Type: CONSTRAINT; Schema: public; Owner: postgres
--

ALTER TABLE ONLY public.users_user_user_permissions
    ADD CONSTRAINT users_user_user_permissions_pkey PRIMARY KEY (id);


--
-- Name: users_user_user_permissions users_user_user_permissions_user_id_permission_id_43338c45_uniq; Type: CONSTRAINT; Schema: public; Owner: postgres
--

ALTER TABLE ONLY public.users_user_user_permissions
    ADD CONSTRAINT users_user_user_permissions_user_id_permission_id_43338c45_uniq UNIQUE (user_id, permission_id);


--
-- Name: users_user users_user_username_key; Type: CONSTRAINT; Schema: public; Owner: postgres
--

ALTER TABLE ONLY public.users_user
    ADD CONSTRAINT users_user_username_key UNIQUE (username);


--
-- Name: auth_group_name_a6ea08ec_like; Type: INDEX; Schema: public; Owner: postgres
--

CREATE INDEX auth_group_name_a6ea08ec_like ON public.auth_group USING btree (name varchar_pattern_ops);


--
-- Name: auth_group_permissions_group_id_b120cbf9; Type: INDEX; Schema: public; Owner: postgres
--

CREATE INDEX auth_group_permissions_group_id_b120cbf9 ON public.auth_group_permissions USING btree (group_id);


--
-- Name: auth_group_permissions_permission_id_84c5c92e; Type: INDEX; Schema: public; Owner: postgres
--

CREATE INDEX auth_group_permissions_permission_id_84c5c92e ON public.auth_group_permissions USING btree (permission_id);


--
-- Name: auth_permission_content_type_id_2f476e4b; Type: INDEX; Schema: public; Owner: postgres
--

CREATE INDEX auth_permission_content_type_id_2f476e4b ON public.auth_permission USING btree (content_type_id);


--
-- Name: django_admin_log_content_type_id_c4bce8eb; Type: INDEX; Schema: public; Owner: postgres
--

CREATE INDEX django_admin_log_content_type_id_c4bce8eb ON public.django_admin_log USING btree (content_type_id);


--
-- Name: django_admin_log_user_id_c564eba6; Type: INDEX; Schema: public; Owner: postgres
--

CREATE INDEX django_admin_log_user_id_c564eba6 ON public.django_admin_log USING btree (user_id);


--
-- Name: django_session_expire_date_a5c62663; Type: INDEX; Schema: public; Owner: postgres
--

CREATE INDEX django_session_expire_date_a5c62663 ON public.django_session USING btree (expire_date);


--
-- Name: django_session_session_key_c0390e0f_like; Type: INDEX; Schema: public; Owner: postgres
--

CREATE INDEX django_session_session_key_c0390e0f_like ON public.django_session USING btree (session_key varchar_pattern_ops);


--
-- Name: services_category_name_99124e6b_like; Type: INDEX; Schema: public; Owner: postgres
--

CREATE INDEX services_category_name_99124e6b_like ON public.services_category USING btree (name varchar_pattern_ops);


--
-- Name: services_category_slug_82e59540_like; Type: INDEX; Schema: public; Owner: postgres
--

CREATE INDEX services_category_slug_82e59540_like ON public.services_category USING btree (slug varchar_pattern_ops);


--
-- Name: services_order_customer_id_bfd7667d; Type: INDEX; Schema: public; Owner: postgres
--

CREATE INDEX services_order_customer_id_bfd7667d ON public.services_order USING btree (customer_id);


--
-- Name: services_order_executor_id_25f0ef4d; Type: INDEX; Schema: public; Owner: postgres
--

CREATE INDEX services_order_executor_id_25f0ef4d ON public.services_order USING btree (executor_id);


--
-- Name: services_order_service_id_2da522e8; Type: INDEX; Schema: public; Owner: postgres
--

CREATE INDEX services_order_service_id_2da522e8 ON public.services_order USING btree (service_id);


--
-- Name: services_service_category_id_e15f8b7e; Type: INDEX; Schema: public; Owner: postgres
--

CREATE INDEX services_service_category_id_e15f8b7e ON public.services_service USING btree (category_id);


--
-- Name: services_service_executor_id_1db37c01; Type: INDEX; Schema: public; Owner: postgres
--

CREATE INDEX services_service_executor_id_1db37c01 ON public.services_service USING btree (executor_id);


--
-- Name: thumbnail_kvstore_key_3f850178_like; Type: INDEX; Schema: public; Owner: postgres
--

CREATE INDEX thumbnail_kvstore_key_3f850178_like ON public.thumbnail_kvstore USING btree (key varchar_pattern_ops);


--
-- Name: users_user_email_243f6e77_like; Type: INDEX; Schema: public; Owner: postgres
--

CREATE INDEX users_user_email_243f6e77_like ON public.users_user USING btree (email varchar_pattern_ops);


--
-- Name: users_user_groups_group_id_9afc8d0e; Type: INDEX; Schema: public; Owner: postgres
--

CREATE INDEX users_user_groups_group_id_9afc8d0e ON public.users_user_groups USING btree (group_id);


--
-- Name: users_user_groups_user_id_5f6f5a90; Type: INDEX; Schema: public; Owner: postgres
--

CREATE INDEX users_user_groups_user_id_5f6f5a90 ON public.users_user_groups USING btree (user_id);


--
-- Name: users_user_user_permissions_permission_id_0b93982e; Type: INDEX; Schema: public; Owner: postgres
--

CREATE INDEX users_user_user_permissions_permission_id_0b93982e ON public.users_user_user_permissions USING btree (permission_id);


--
-- Name: users_user_user_permissions_user_id_20aca447; Type: INDEX; Schema: public; Owner: postgres
--

CREATE INDEX users_user_user_permissions_user_id_20aca447 ON public.users_user_user_permissions USING btree (user_id);


--
-- Name: users_user_username_06e46fe6_like; Type: INDEX; Schema: public; Owner: postgres
--

CREATE INDEX users_user_username_06e46fe6_like ON public.users_user USING btree (username varchar_pattern_ops);


--
-- Name: auth_group_permissions auth_group_permissio_permission_id_84c5c92e_fk_auth_perm; Type: FK CONSTRAINT; Schema: public; Owner: postgres
--

ALTER TABLE ONLY public.auth_group_permissions
    ADD CONSTRAINT auth_group_permissio_permission_id_84c5c92e_fk_auth_perm FOREIGN KEY (permission_id) REFERENCES public.auth_permission(id) DEFERRABLE INITIALLY DEFERRED;


--
-- Name: auth_group_permissions auth_group_permissions_group_id_b120cbf9_fk_auth_group_id; Type: FK CONSTRAINT; Schema: public; Owner: postgres
--

ALTER TABLE ONLY public.auth_group_permissions
    ADD CONSTRAINT auth_group_permissions_group_id_b120cbf9_fk_auth_group_id FOREIGN KEY (group_id) REFERENCES public.auth_group(id) DEFERRABLE INITIALLY DEFERRED;


--
-- Name: auth_permission auth_permission_content_type_id_2f476e4b_fk_django_co; Type: FK CONSTRAINT; Schema: public; Owner: postgres
--

ALTER TABLE ONLY public.auth_permission
    ADD CONSTRAINT auth_permission_content_type_id_2f476e4b_fk_django_co FOREIGN KEY (content_type_id) REFERENCES public.django_content_type(id) DEFERRABLE INITIALLY DEFERRED;


--
-- Name: django_admin_log django_admin_log_content_type_id_c4bce8eb_fk_django_co; Type: FK CONSTRAINT; Schema: public; Owner: postgres
--

ALTER TABLE ONLY public.django_admin_log
    ADD CONSTRAINT django_admin_log_content_type_id_c4bce8eb_fk_django_co FOREIGN KEY (content_type_id) REFERENCES public.django_content_type(id) DEFERRABLE INITIALLY DEFERRED;


--
-- Name: django_admin_log django_admin_log_user_id_c564eba6_fk_users_user_id; Type: FK CONSTRAINT; Schema: public; Owner: postgres
--

ALTER TABLE ONLY public.django_admin_log
    ADD CONSTRAINT django_admin_log_user_id_c564eba6_fk_users_user_id FOREIGN KEY (user_id) REFERENCES public.users_user(id) DEFERRABLE INITIALLY DEFERRED;


--
-- Name: services_order services_order_customer_id_bfd7667d_fk_users_user_id; Type: FK CONSTRAINT; Schema: public; Owner: postgres
--

ALTER TABLE ONLY public.services_order
    ADD CONSTRAINT services_order_customer_id_bfd7667d_fk_users_user_id FOREIGN KEY (customer_id) REFERENCES public.users_user(id) DEFERRABLE INITIALLY DEFERRED;


--
-- Name: services_order services_order_executor_id_25f0ef4d_fk_users_user_id; Type: FK CONSTRAINT; Schema: public; Owner: postgres
--

ALTER TABLE ONLY public.services_order
    ADD CONSTRAINT services_order_executor_id_25f0ef4d_fk_users_user_id FOREIGN KEY (executor_id) REFERENCES public.users_user(id) DEFERRABLE INITIALLY DEFERRED;


--
-- Name: services_order services_order_service_id_2da522e8_fk_services_service_id; Type: FK CONSTRAINT; Schema: public; Owner: postgres
--

ALTER TABLE ONLY public.services_order
    ADD CONSTRAINT services_order_service_id_2da522e8_fk_services_service_id FOREIGN KEY (service_id) REFERENCES public.services_service(id) DEFERRABLE INITIALLY DEFERRED;


--
-- Name: services_service services_service_category_id_e15f8b7e_fk_services_category_id; Type: FK CONSTRAINT; Schema: public; Owner: postgres
--

ALTER TABLE ONLY public.services_service
    ADD CONSTRAINT services_service_category_id_e15f8b7e_fk_services_category_id FOREIGN KEY (category_id) REFERENCES public.services_category(id) DEFERRABLE INITIALLY DEFERRED;


--
-- Name: services_service services_service_executor_id_1db37c01_fk_users_user_id; Type: FK CONSTRAINT; Schema: public; Owner: postgres
--

ALTER TABLE ONLY public.services_service
    ADD CONSTRAINT services_service_executor_id_1db37c01_fk_users_user_id FOREIGN KEY (executor_id) REFERENCES public.users_user(id) DEFERRABLE INITIALLY DEFERRED;


--
-- Name: users_user_groups users_user_groups_group_id_9afc8d0e_fk_auth_group_id; Type: FK CONSTRAINT; Schema: public; Owner: postgres
--

ALTER TABLE ONLY public.users_user_groups
    ADD CONSTRAINT users_user_groups_group_id_9afc8d0e_fk_auth_group_id FOREIGN KEY (group_id) REFERENCES public.auth_group(id) DEFERRABLE INITIALLY DEFERRED;


--
-- Name: users_user_groups users_user_groups_user_id_5f6f5a90_fk_users_user_id; Type: FK CONSTRAINT; Schema: public; Owner: postgres
--

ALTER TABLE ONLY public.users_user_groups
    ADD CONSTRAINT users_user_groups_user_id_5f6f5a90_fk_users_user_id FOREIGN KEY (user_id) REFERENCES public.users_user(id) DEFERRABLE INITIALLY DEFERRED;


--
-- Name: users_user_user_permissions users_user_user_perm_permission_id_0b93982e_fk_auth_perm; Type: FK CONSTRAINT; Schema: public; Owner: postgres
--

ALTER TABLE ONLY public.users_user_user_permissions
    ADD CONSTRAINT users_user_user_perm_permission_id_0b93982e_fk_auth_perm FOREIGN KEY (permission_id) REFERENCES public.auth_permission(id) DEFERRABLE INITIALLY DEFERRED;


--
-- Name: users_user_user_permissions users_user_user_permissions_user_id_20aca447_fk_users_user_id; Type: FK CONSTRAINT; Schema: public; Owner: postgres
--

ALTER TABLE ONLY public.users_user_user_permissions
    ADD CONSTRAINT users_user_user_permissions_user_id_20aca447_fk_users_user_id FOREIGN KEY (user_id) REFERENCES public.users_user(id) DEFERRABLE INITIALLY DEFERRED;


--
-- PostgreSQL database dump complete
--

